{
    "all": {
        "MAP@1": 0.49,
        "R@1": 0.49,
        "NDCG@1": 0.49,
        "MAP@3": 0.5783333333333333,
        "R@3": 0.74,
        "NDCG@3": 0.6149114891904723,
        "MAP@5": 0.5839583333333335,
        "R@5": 0.88,
        "NDCG@5": 0.6586273848174318
    },
    "cross_case": {
        "MAP@1": 0.28,
        "R@1": 0.28,
        "NDCG@1": 0.28,
        "MAP@3": 0.41666666666666674,
        "R@3": 0.62,
        "NDCG@3": 0.47223108671016417,
        "MAP@5": 0.43673611111111116,
        "R@5": 0.75,
        "NDCG@5": 0.5183021331903386
    },
    "leakage_pct_top5": 9.8
}